name,Second Number,GLD,Unnamed: 3,Unnamed: 4,Unnamed: 5,Unnamed: 6,Unnamed: 7,Unnamed: 8,Unnamed: 9,Unnamed: 10,Unnamed: 11,Unnamed: 12,Unnamed: 13,Unnamed: 14,Unnamed: 15,Unnamed: 16,Unnamed: 17,V
ben+C54_COOH+C24_NH3+L23_COOH_F+L39_SH_NH3,134,27.29799,23.02566,28.72541,0.153744,925.842,6021.97,5.98527,0.9202,0.0799837,0.229495,3.065112275,3.065112275,0.0522489,0.0681853,,0.3270296,39037.3
ben+C38_NH3+C36_COOH+L31_OH_NH3+L40_CN_NH3,390,14.89067,10.39144,15.06956,0.376645,1855.44,4926.22,2.10471,0.79273,0.273465,3.62503,11.06475381,11.06475381,0.581912,0.210366,,0.975911529,8156
ben+C32_NH3+C13_NH3+L43_SH_NH3+L25_COOH_F,94,24.04968,20.0803,24.09067,0.164669,1089.11,6613.95,5.53305,0.91112,0.0869935,0.399406,3.774180368,3.774180368,0.0632747,0.0670606,,0.324912991,27000.4
ben+C62_COOH+C24_NH3+L13_CN_COOH+L66_F_COOH,205,73.49235,66.8539,73.49235,0.0330573,234.716,7100.26,29.6479,0.98008,0.0501542,0.0743062,1.431409923,1.431409923,0.0139867,0.0390851,,0.076420341,377466
ben+C31_COOH+C36_COOH+L67_CN_COOH+L2_F,100,27.90203,21.778,27.90203,0.150398,923.066,6137.49,6.14383,0.92402,0.0812556,0.266791,3.181183795,3.181183795,0.0517072,0.0650163,,0.300796,39381.8
ben+C31_COOH+C36_COOH+L15_CN_NH3+L40_Cl_F,207,22.46651,18.31237,23.21078,0.217219,1213.83,5588.04,4.11437,0.89372,0.101638,0.42761,4.328916883,4.328916883,0.0930926,0.0860193,,0.503072762,24738
ben+C58_NH3+C13_NH3+L36_CF3_COOH+L23_NH2_COOH,233,49.24867,42.53874,49.28929,0.0644533,492.396,7639.58,14.9688,0.96479,0.0512468,0.0753547,1.775975025,1.775975025,0.0200532,0.0451655,,0.152583901,124368
ben+C31_COOH+C13_NH3+L75_F+L14_SH_COOH,184,48.98105,36.923,48.98105,0.0632553,417.696,6603.33,15.2983,0.9677,0.0608016,0.148743,2.136978374,2.136978374,0.0251119,0.0470045,,0.143261731,159837
ben+C62_COOH+C24_NH3+L75_COOH_F+L42_OH_NH3,190,49.64347,45.79765,49.64347,0.0677163,472.759,6981.47,14.2088,0.96217,0.0511096,0.0756622,1.827992484,1.827992484,0.0207941,0.0455015,,0.154308762,141798
ben+C58_COOH+C24_NH3+L31_SH_COOH+L40_NH2_NH3,159,42.52752,37.11693,42.52752,0.0725079,589.858,8135.09,13.2104,0.95786,0.0535161,0.0834563,1.857136744,1.857136744,0.0216986,0.0467356,,0.159618683,104502
ben+C25_COOH+C24_NH3+L1_CH3_F+L75_F_NH3,176,45.3649,37.07856,45.99904,0.0722191,474.716,6573.28,13.3427,0.9636,0.0599864,0.111861,2.053964638,2.053964638,0.0250196,0.0487245,,0.162168904,129992
ben+C31_COOH+C24_NH3+L23_F_COOH+L68_Br_NH3,154,31.15235,23.51654,31.34512,0.126978,774.093,6096.26,7.40945,0.94084,0.0716668,0.205391,4.231444438,4.231444438,0.0637776,0.0602892,,0.277767006,45283.1
ben+C38_NH3+C24_NH3+L6_Cl_COOH+L31_CN_NH3,360,17.70698,14.86771,19.22206,0.253489,1470.38,5800.58,3.45791,0.87654,0.22148,2.70104,10.24009516,10.24009516,0.365853,0.14291,,0.647994565,14713.2
ben+C37_COOH+C36_COOH+L39_NO2_NH3+L42_NH3,385,11.05962,10.11533,11.53139,0.584343,2193.88,3754.43,1.24131,0.72535,0.84047,30.5973,28.97710536,28.97710536,2.71012,0.374105,,1.510795879,6042.44
ben+C62_COOH+C24_NH3+L74_Br_NH3+L25_COOH_F,128,45.49653,40.4346,45.49653,0.0836253,576.236,6890.7,11.4054,0.95378,0.0544172,0.0893965,1.90326215,1.90326215,0.022299,0.0468648,,0.176216066,104845
ben+C49_NH3+C13_NH3+L39_COOH+L4_COOH_NH3,114,41.67872,37.35004,41.98039,0.080211,589.123,7344.66,11.9289,0.95683,0.0608771,0.121198,2.156530543,2.156530543,0.0272648,0.0505716,,0.164986395,78804.1
ben+C37_NH3+C13_NH3+L30_CN_NH3+L16_Br_NH3,165,24.16384,20.32464,24.16384,0.16429,1120.59,6820.77,5.57148,0.91534,0.0863838,0.288578,7.173946448,7.173946448,0.149396,0.0832992,,0.364310437,40138.1
ben+C31_COOH+C13_NH3+L75_Cl_NH3+L25_F_COOH,176,29.2506,24.73758,29.65299,0.169727,885.518,5217.32,5.41889,0.91973,0.0919569,0.33723,4.518990165,4.518990165,0.0876335,0.0775691,,0.381124129,34310.7
ben+C32_NH3+C24_NH3+L76_CN_COOH+L13_CN_COOH,143,34.04678,28.12137,34.09421,0.107238,626.244,5839.77,8.83979,0.94796,0.0730559,0.248845,3.206356534,3.206356534,0.0486159,0.0606494,,0.231133926,79999.6
ben+C31_COOH+C13_NH3+L8_CF3_F+L6_NO2_COOH,169,35.85373,30.33734,35.85373,0.13348,764.77,5729.48,6.99993,0.93435,0.0786469,0.264254,3.12271499,3.12271499,0.0492022,0.0630249,,0.297378317,51747.4
ben+C38_COOH+C36_COOH+L73_NH3+L3_Br_F,368,21.08952,16.27935,21.19164,0.299496,1343.46,4485.75,2.86712,0.85869,0.163909,1.61738,9.347790211,9.347790211,0.303039,0.129673,,0.768461158,15928.4
ben+C25_COOH+C36_COOH+L6_F_F+L24_CF3_F,194,36.57914,31.92551,36.86756,0.136003,777.151,5714.2,6.89461,0.93769,0.0692522,0.151856,2.519001804,2.519001804,0.0369297,0.0586418,,0.311147899,53403.2
ben+C58_COOH+C36_COOH+L24_NO2_COOH+L15_CF3_F,181,41.68093,38.95357,42.34609,0.0727834,539.459,7411.84,13.214,0.96176,0.0536792,0.0888272,1.944168614,1.944168614,0.0224864,0.0462643,,0.164321523,131855
ben+C58_NH3+C24_NH3+L34_SH_COOH+L32_Br_F,70,45.04572,38.30808,45.37808,0.0689869,524.979,7609.83,13.9647,0.96338,0.0509349,0.0739918,1.639766738,1.639766738,0.0178414,0.0435218,,0.127287594,109669
ben+C19_NH3+C36_COOH+L3_OH_NH3+L71_Cl_COOH,241,33.74888,28.042,34.19292,0.12742,743.814,5837.51,7.38253,0.94068,0.0757766,0.225554,3.666443286,3.666443286,0.0622343,0.0678961,,0.303516612,50633.8
ben+C62_COOH+C24_NH3+L13_OH_F+L23_NO2_F,161,57.9028,54.26091,58.64109,0.0610083,424.92,6964.95,15.8586,0.96751,0.0528135,0.0822086,1.663733453,1.663733453,0.0180513,0.0433995,,0.134634695,154251
ben+C58_NH3+C13_NH3+L40_Br_COOH+L43_F,58,45.17624,39.96704,45.17624,0.0615859,509.863,8278.9,15.6646,0.96472,0.0507923,0.0751311,1.637681327,1.637681327,0.0176653,0.0431471,,0.1086023,125941
ben+C31_COOH+C13_NH3+L71_Cl_NH3+L15_CN_NH3,255,35.06328,29.49265,35.06328,0.0889438,619.812,6968.58,10.7182,0.95332,0.0661521,0.153585,2.560354511,2.560354511,0.0352733,0.0551069,,0.214046829,84483.7
ben+C37_COOH+C36_COOH+L10_OH_F+L66_Cl_F,147,37.04811,31.47918,37.16829,0.0904756,589.86,6519.54,10.531,0.9528,0.0606125,0.15033,3.007581916,3.007581916,0.0406992,0.0541288,,0.196089336,66677.6
ben+C37_COOH+C36_COOH+L28_COOH+L32_OH_NH3,490,12.13017,9.26271,12.22677,0.637688,2232.77,3501.35,1.20134,0.76608,32.388,14006.9,36.61067128,36.61067128,4.11795,0.449918,,1.715505758,5152.31
ben+C38_COOH+C36_COOH+L3_Br_COOH+L42_CH3_NH3,569,16.88732,13.18615,17.08919,0.411884,1671.05,4057.08,1.95987,0.80724,0.503976,10.6564,15.55328427,15.55328427,1.02717,0.264168,,1.134786661,10144.6
ben+C49_COOH+C24_NH3+L39_OH_NH3+L39_NO2_F,73,34.53185,30.44826,35.01071,0.130842,871.14,6657.98,7.11716,0.93122,0.0717828,0.191516,2.605473405,2.605473405,0.036949,0.0567252,,0.24380089,42661.2
ben+C38_NH3+C36_COOH+L34_COOH_COOH+L17_SH_COOH,628,16.81441,13.3348,19.03418,0.363705,1641.36,4512.89,2.22117,0.80785,0.312294,11.8775,13.25131298,13.25131298,0.52292,0.157847,,1.017631912,24269.9
ben+C58_NH3+C13_NH3+L8_Br_NH3+L16_Cl_COOH,55,60.47376,51.90355,60.52377,0.0411005,332.989,8101.82,23.743,0.97585,0.0480608,0.0650524,1.439189559,1.439189559,0.0144622,0.0401954,,0.071529777,276062
ben+C49_NH3+C13_NH3+L2_NH2_F+L49_CH3_COOH,142,51.90635,44.87884,51.90635,0.0646894,488.813,7556.3,14.8754,0.96228,0.0509778,0.077213,1.817334858,1.817334858,0.0204233,0.0449522,,0.139230242,161153
ben+C58_NH3+C36_COOH+L32_COOH_COOH+L23_F_NH3,259,36.73827,30.55992,36.73827,0.0970542,765.775,7890.18,9.7735,0.94856,0.0610822,0.112932,2.095850245,2.095850245,0.0273411,0.0521814,,0.234220878,60008.8
ben+C31_COOH+C24_NH3+L58_F+L25_CH3_COOH,121,25.17512,21.68478,27.34644,0.181981,1121.4,6162.16,4.95596,0.90189,0.0927555,0.480573,4.141582085,4.141582085,0.0747539,0.0721984,,0.379027364,33250.4
ben+C54_COOH+C36_COOH+L67_CF3_F+L13_NO2_NH3,183,45.31108,34.09133,45.35124,0.083074,522.316,6287.35,11.512,0.95635,0.0601534,0.119403,2.216759866,2.216759866,0.0276502,0.049893,,0.187950862,121051
ben+C32_NH3+C24_NH3+L36_Cl_NH3+L72_OH_NH3,193,31.6166,25.60298,32.00796,0.123993,787.998,6355.17,7.55356,0.93659,0.0739159,0.192323,2.674864435,2.674864435,0.0411889,0.061594,,0.283393107,47777
ben+C49_NH3+C36_COOH+L73_CH3_COOH+L35_Br_F,114,36.51011,33.68394,36.5295,0.140109,805.672,5750.3,6.65294,0.93214,0.0615237,0.124416,2.461860707,2.461860707,0.0339085,0.0550941,,0.288190882,41273.1
ben+C49_COOH+C36_COOH+L18_COOH_COOH+L37_OH_F,122,38.46682,34.41269,38.46682,0.154357,933.164,6045.5,5.93217,0.91567,0.0697054,0.168001,3.244324889,3.244324889,0.050504,0.0622675,,0.322044244,43344.8
ben+C49_COOH+C13_NH3+L68_NH2_F+L4_CN_COOH,106,51.19706,46.73127,51.44096,0.0699913,476.475,6807.64,13.7481,0.96225,0.0540669,0.0873983,1.916185943,1.916185943,0.0222222,0.0463884,,0.14175379,104614
ben+C31_COOH+C13_NH3+L73_NH3+L34_F_COOH,198,33.95498,27.76239,33.97652,0.12619,762.453,6042.08,7.41673,0.93592,0.076899,0.217938,2.915829211,2.915829211,0.0447988,0.061456,,0.28981618,49526
ben+C19_COOH+C36_COOH+L37_SH_F+L36_NH2_NH3,137,32.81983,25.6252,32.81983,0.126295,801.238,6344.19,7.41528,0.93651,0.0715084,0.181148,2.934287229,2.934287229,0.0452393,0.0616699,,0.269857124,50858.8
ben+C37_COOH+C24_NH3+L31_SH_F+L68_CN_NH3,151,23.4506,18.5168,23.46908,0.164103,1092.07,6654.79,5.58113,0.91588,0.169445,7.9436,11.44680664,11.44680664,0.254231,0.0888391,,0.357576654,26515
ben+C31_COOH+C24_NH3+L75_OH_COOH+L8_CH3_NH3,182,38.94272,29.69867,39.12457,0.0897565,586.133,6530.25,10.6079,0.95213,0.0647335,0.179219,3.161283586,3.161283586,0.0438979,0.0555444,,0.202856098,77092.5
ben+C19_COOH+C24_NH3+L43_Br_COOH+L4_SH_COOH,172,36.2561,30.10152,36.42234,0.112465,662.385,5889.71,8.419,0.94684,0.0696387,0.165124,2.704678981,2.704678981,0.0399475,0.0590791,,0.251418707,73040.4
ben+C49_COOH+C36_COOH+L66_OH_NH3+L68_F_COOH,208,51.94207,49.42037,51.94207,0.0696938,485.806,6970.58,13.8126,0.96265,0.0540916,0.0874686,2.039187493,2.039187493,0.0236845,0.0464587,,0.161554642,93571.3
ben+C25_COOH+C36_COOH+L73_F_F+L34_NO2_NH3,222,44.33734,36.19748,44.33734,0.0922825,589.48,6387.77,10.317,0.95208,0.0640351,0.128251,2.217607234,2.217607234,0.0290129,0.0523319,,0.216527318,88876.1
ben+C37_NH3+C36_COOH+L4_COOH_F+L73_F_F,171,19.99863,14.82422,19.99863,0.309472,1488.82,4810.83,2.72778,0.84417,0.193864,2.68904,7.842296931,7.842296931,0.316023,0.161189,,0.691049772,16756.1
ben+C18_COOH+C24_NH3+L72_OH_COOH+L40_NO2_F,141,47.20704,43.93998,47.20704,0.0858494,557.81,6497.55,11.1344,0.95588,0.0662014,0.158984,2.272283742,2.272283742,0.0294,0.0517541,,0.184509171,88534.4
ben+C32_NH3+C13_NH3+L15_F+L25_Br_COOH,130,29.05559,24.46431,29.05559,0.149439,901.437,6032.15,6.19411,0.92564,0.0784945,0.220825,2.896137927,2.896137927,0.0463377,0.0639993,,0.315905581,41416.3
ben+C54_COOH+C36_COOH+L49_COOH_COOH+L71_NH2_F,182,33.92124,25.67363,33.96978,0.142661,867.526,6081.02,6.49609,0.92674,0.0718401,0.172832,2.969139642,2.969139642,0.0474951,0.063985,,0.322424044,62420.9
ben+C19_NH3+C36_COOH+L25_CN_F+L36_CF3_F,111,31.17898,25.34298,31.67686,0.123687,789.094,6379.79,7.61401,0.94175,0.0657099,0.145468,2.353832785,2.353832785,0.032301,0.0548909,,0.252979863,48134.7
ben+C62_NH3+C24_NH3+L3_F_NH3+L13_Cl_NH3,109,63.04486,56.67246,63.04486,0.0386943,281.152,7265.97,25.2719,0.97788,0.047776,0.0644673,1.483578051,1.483578051,0.0149413,0.0402845,,0.078836792,285632
ben+C25_COOH+C24_NH3+L9_F+L39_CF3_F,113,49.97039,42.04367,50.41984,0.0713061,480.861,6743.62,13.5073,0.96315,0.0559326,0.0949008,1.835713975,1.835713975,0.0210896,0.045954,,0.146397017,124784
ben+C58_NH3+C24_NH3+L43_SH_NH3+L74_SH_NH3,78,40.80824,37.34517,40.89635,0.0799031,635.649,7955.25,11.9198,0.95243,0.0542921,0.0887776,2.235457388,2.235457388,0.0271821,0.0486381,,0.151184224,103973
ben+C37_NH3+C36_COOH+L44_CF3_COOH+L41_CH3_F,207,11.46451,9.50725,12.12937,0.60704,2185.2,3599.76,1.175,0.71327,0.344474,5.92009,16.34024539,16.34024539,0.986191,0.241414,,1.405886639,6257.9
ben+C58_COOH+C36_COOH+L23_NO2_F+L31_Br_NH3,144,35.29079,31.09282,35.90079,0.106999,781.533,7304.1,8.83652,0.9455,0.0588472,0.104592,2.100099753,2.100099753,0.0263688,0.0502239,,0.230942628,64054.8
ben+C58_NH3+C24_NH3+L76_COOH_COOH+L13_OH_COOH,142,56.26262,46.90325,56.26262,0.0462333,334.834,7242.28,21.0913,0.97512,0.0528305,0.0859011,1.627665646,1.627665646,0.0171829,0.0422271,,0.099507393,237649
ben+C32_NH3+C13_NH3+L43_NH2_F+L24_F_COOH,289,22.84506,19.96824,23.4482,0.192227,1124.92,5852.08,4.70429,0.90429,0.1048,0.446876,3.900659678,3.900659678,0.0790417,0.0810547,,0.47305101,26055.8
ben+C38_NH3+C36_COOH+L1_CN_NH3+L15_CF3_COOH,657,20.12211,16.66743,21.14721,0.23198,1362.64,5873.95,3.85469,0.89421,0.149711,1.2594,8.170430593,8.170430593,0.257773,0.126198,,0.653618814,26112.6
ben+C31_COOH+C13_NH3+L3_CN_F+L34_NO2_COOH,192,30.30391,24.77251,30.42579,0.139267,808.869,5808.04,6.70223,0.9334,0.0850846,0.283605,3.052509584,3.052509584,0.049648,0.0650586,,0.317988512,43402.5
ben+C18_COOH+C36_COOH+L36_SH_NH3+L42_SH_COOH,211,42.46807,38.95923,42.46807,0.12074,686.241,5683.65,7.79413,0.94106,0.0719566,0.185414,3.522645547,3.522645547,0.0552748,0.0627651,,0.280633864,60674.5
ben+C18_COOH+C24_NH3+L23_CH3_COOH+L43_Br_NH3,144,40.8614,37.34949,41.17646,0.0980651,628.448,6408.48,9.69682,0.95092,0.0688654,0.210322,2.67378184,2.67378184,0.0369147,0.0552247,,0.211660034,69572.1
ben+C25_COOH+C36_COOH+L67_CH3_NH3+L3_Br_F,116,44.35038,34.99297,45.12699,0.087812,571.718,6510.71,10.8782,0.95524,0.0628845,0.121405,1.967088268,1.967088268,0.0241764,0.0491618,,0.181284185,103612
ben+C18_COOH+C24_NH3+L25_CH3_NH3+L24_COOH,272,39.45062,36.20063,39.54991,0.103611,649.75,6271.04,9.16029,0.94911,0.0709173,0.178925,2.823605067,2.823605067,0.0428103,0.0606463,,0.252248119,57000.7
ben+C31_COOH+C36_COOH+L15_COOH+L71_NH2_NH3,293,28.06795,24.03924,28.06795,0.162209,924.246,5697.87,5.69148,0.92321,0.0974871,0.391064,4.598856489,4.598856489,0.0988131,0.0859458,,0.40014813,36393.9
ben+C62_NH3+C36_COOH+L38_COOH+L75_NH2_NH3,194,48.15765,41.03355,48.15765,0.0792405,538.481,6795.53,12.0534,0.95512,0.0520518,0.0793551,2.571961495,2.571961495,0.0321283,0.049967,,0.181286553,117059
ben+C32_NH3+C36_COOH+L74_CF3_F+L35_CF3_NH3,182,20.5594,17.22413,20.84621,0.309205,1442.12,4663.97,2.78236,0.86032,0.131435,0.682398,5.534660511,5.534660511,0.151658,0.109606,,0.698825374,18257.2
ben+C69_COOH+C13_NH3+L23_CN_COOH+L35_SH_COOH,160,44.60445,39.92335,44.86912,0.0691461,490.027,7086.83,13.9448,0.96423,0.0542426,0.0862866,1.821102051,1.821102051,0.0210045,0.0461358,,0.152406301,114920
ben+C18_COOH+C24_NH3+L76_Br_NH3+L71_CH3_COOH,182,46.31165,40.91503,46.56587,0.0804452,495.605,6160.78,11.9486,0.96121,0.060507,0.125131,2.369425535,2.369425535,0.031022,0.0523705,,0.181811895,100130
ben+C62_NH3+C36_COOH+L18_COOH_COOH+L2_F_COOH,229,56.61647,52.13189,57.97461,0.0604962,407.936,6743.17,15.9731,0.96631,0.0515328,0.0803268,1.956709725,1.956709725,0.0219264,0.044823,,0.142761079,172267
ben+C69_COOH+C36_COOH+L66_COOH_COOH+L73_COOH_COOH,366,52.38324,46.96177,53.34553,0.0671409,443.548,6606.23,14.35,0.96347,0.0515643,0.0757829,2.972909566,2.972909566,0.034848,0.0468874,,0.172114427,142361
ben+C31_COOH+C24_NH3+L35_CH3_COOH+L3_OH_NH3,183,27.70812,23.0402,29.35676,0.144665,869.886,6013.11,6.42422,0.92936,0.0847814,0.285243,3.347751193,3.347751193,0.0587414,0.0701861,,0.327297487,35556.2
ben+C19_COOH+C36_COOH+L15_CH3_NH3+L3_CN_COOH,310,36.25589,29.76362,36.25589,0.126677,783.318,6183.57,7.40551,0.93811,0.0721686,0.176937,3.392351914,3.392351914,0.0571211,0.0673528,,0.315598225,57662.5
ben+C58_NH3+C36_COOH+L41_CF3_COOH+L25_CH3_COOH,125,34.81896,30.94727,36.45055,0.104973,785.256,7480.54,8.97011,0.94162,0.0599622,0.110888,2.235395524,2.235395524,0.0289814,0.0518591,,0.220118935,62982.3
ben+C62_COOH+C13_NH3+L32_Cl_F+L26_OH_NH3,200,52.08394,47.32485,52.82821,0.0551564,404.909,7341.11,17.5604,0.96857,0.0484903,0.0663795,1.63848387,1.63848387,0.017623,0.0430227,,0.126916531,160731
ben+C38_COOH+C36_COOH+L66_NO2_F+L66_NH2_F,300,36.1353,29.58442,37.69226,0.0840511,588.634,7003.28,11.3551,0.95441,0.0577552,0.117482,3.278561101,3.278561101,0.0463132,0.0565043,,0.208204766,72498.4
ben+C31_COOH+C36_COOH+L35_COOH_F+L2_CH3_F,86,26.20068,21.03891,26.46149,0.175464,1000.5,5702.0,5.22734,0.91721,0.0832486,0.25748,3.147127867,3.147127867,0.0542627,0.0689679,,0.339434836,27562.8
ben+C62_COOH+C36_COOH+L4_NH2_COOH+L44_Br_NH3,204,46.54237,42.4778,47.21816,0.0940334,597.28,6351.78,10.1004,0.94978,0.05926,0.110179,2.266910789,2.266910789,0.0281365,0.0496473,,0.217182377,99195.9
ben+C18_COOH+C36_COOH+L26_F+L16_COOH_COOH,113,46.23927,43.56614,46.5124,0.0805811,532.802,6611.99,11.8724,0.95669,0.0569116,0.10011,2.271578597,2.271578597,0.0286387,0.0504296,,0.165439319,113169
ben+C49_COOH+C24_NH3+L49_SH_NH3+L44_F_F,72,40.63784,35.53515,40.63784,0.100521,702.199,6985.58,9.39235,0.94413,0.064845,0.149802,2.331877643,2.331877643,0.0295151,0.0506289,,0.18670092,72997
ben+C32_NH3+C36_COOH+L32_NO2_F+L73_CH3_F,82,22.0314,17.87124,22.41973,0.209579,1270.34,6061.39,4.21029,0.88239,0.0867132,0.343755,3.745116049,3.745116049,0.0673796,0.0719653,,0.401095193,25769.9
ben+C38_NH3+C13_NH3+L24_SH_COOH+L73_CF3_COOH,436,21.44882,17.37199,21.46052,0.221194,1243.21,5620.44,4.01955,0.8891,0.136783,2.56664,10.6747783,10.6747783,0.279866,0.10487,,0.583838575,30692.4
ben+C31_COOH+C36_COOH+L35_Br_NH3+L4_NO2_COOH,233,25.79505,20.03724,25.83017,0.235018,1123.41,4780.08,3.82647,0.89929,0.139569,0.968128,6.237432558,6.237432558,0.167631,0.1075,,0.556371254,26747.4
ben+C38_COOH+C13_NH3+L66_NO2_NH3+L4_Br_F,496,35.74634,29.25551,36.31373,0.113525,719.049,6333.81,8.3176,0.94426,0.0839004,0.379106,4.026697345,4.026697345,0.0657156,0.0652799,,0.306004557,60583.4
ben+C54_COOH+C36_COOH+L75_SH_COOH+L18_COOH,266,40.13489,31.80044,40.13489,0.105968,598.959,5652.25,8.92116,0.94536,0.0711696,0.184345,3.292782203,3.292782203,0.0490236,0.0595528,,0.256959857,99478.2
ben+C49_COOH+C24_NH3+L1_OH_F+L31_COOH,164,35.14126,31.5818,35.50049,0.11532,722.04,6261.16,8.17236,0.94244,0.0686691,0.15755,2.484829282,2.484829282,0.0350943,0.0564937,,0.255415793,41132.4
ben+C49_NH3+C36_COOH+L31_Br_COOH+L71_OH_F,121,33.07801,28.71995,33.17983,0.129865,769.155,5922.72,7.24683,0.94111,0.0713058,0.173205,2.589632137,2.589632137,0.0383979,0.0593102,,0.270480922,38038.6
ben+C38_COOH+C13_NH3+L6_SH_COOH+L24_CF3_F,425,19.51185,15.15343,19.77626,0.298371,1430.25,4793.54,2.93115,0.87457,0.751808,96.2904,19.53729676,19.53729676,0.747707,0.153083,,0.784235033,16115.4
ben+C54_COOH+C13_NH3+L75_COOH+L13_Cl_F,125,45.56826,40.53253,47.6552,0.0653523,399.832,6118.1,14.8074,0.9677,0.0668879,0.166535,1.975636567,1.975636567,0.0230945,0.0467586,,0.137037892,164677
ben+C19_COOH+C24_NH3+L8_COOH_F+L15_F,113,48.19905,38.57177,48.27588,0.0605545,446.364,7371.27,15.9783,0.96756,0.0578419,0.10635,1.76834059,1.76834059,0.0199414,0.0451076,,0.124323139,142166
ben+C58_COOH+C24_NH3+L66_Br_COOH+L1_CN_F,123,54.27114,49.84958,54.27114,0.0551246,422.748,7668.94,17.6046,0.97045,0.0501129,0.0706451,1.544500071,1.544500071,0.0161118,0.0417269,,0.115205183,157061
ben+C37_COOH+C13_NH3+L24_NH2_COOH+L43_F,389,17.53375,13.66856,17.58565,0.285413,1549.33,5428.37,3.03619,0.86657,0.481505,18.2541,22.32180745,22.32180745,0.811141,0.145354,,0.739205286,14281.6
ben+C31_COOH+C24_NH3+L23_NO2_COOH+L72_F,147,26.60364,21.9707,26.72397,0.161476,913.133,5654.93,5.75331,0.92902,0.0877816,0.373516,4.841876022,4.841876022,0.0913777,0.0754895,,0.349969734,34280.8
ben+C58_COOH+C36_COOH+L26_NO2_COOH+L22_NH3,199,37.21188,34.13728,37.45539,0.0978285,762.007,7789.22,9.67898,0.94688,0.0600948,0.11,2.025225239,2.025225239,0.0256593,0.0506794,,0.224893348,65284.3
ben+C37_NH3+C36_COOH+L35_Br_F+L73_SH_COOH,375,16.39641,14.15199,16.39641,0.396651,1637.43,4128.15,2.07248,0.82205,0.314852,5.24848,11.38039503,11.38039503,0.582662,0.204795,,1.020992076,14393.2
ben+C49_COOH+C36_COOH+L8_NO2_F+L42_F,80,40.05314,38.06283,40.05314,0.125201,812.738,6491.47,7.44068,0.93158,0.0581975,0.10629,2.312734945,2.312734945,0.0302541,0.0523261,,0.238268769,42250.2
ben+C62_NH3+C13_NH3+L8_NH2_F+L3_CF3_COOH,164,62.74613,56.18848,63.74385,0.0469042,338.76,7222.38,20.7401,0.9728,0.0456282,0.0567955,1.563396854,1.563396854,0.016111,0.0412205,,0.103885479,215227
ben+C49_NH3+C24_NH3+L76_F_NH3+L32_CN_F,94,34.76936,30.67057,34.81458,0.100785,720.788,7151.77,9.41682,0.94907,0.0630036,0.12395,2.042901326,2.042901326,0.0261569,0.0512152,,0.198861691,42923.1
ben+C38_NH3+C24_NH3+L38_Cl_NH3+L66_COOH_COOH,417,31.49448,23.8266,31.49448,0.110287,709.751,6435.47,8.54758,0.94269,0.0728593,0.197957,4.829836479,4.829836479,0.0770534,0.0638145,,0.288966945,57511.9
ben+C19_NH3+C36_COOH+L15_Cl_NH3+L3_Cl_COOH,310,35.9096,29.50336,35.93111,0.120052,752.768,6270.35,7.85759,0.94332,0.07054,0.164564,3.233514739,3.233514739,0.0525683,0.0650293,,0.299092954,57662.5
ben+C25_COOH+C13_NH3+L35_SH_NH3+L2_NH2_F,141,48.73866,42.55071,49.65588,0.0560523,391.457,6983.78,17.3183,0.97073,0.0586452,0.108512,1.728969776,1.728969776,0.0192092,0.0444408,,0.120468674,158588
ben+C58_NH3+C36_COOH+L42_COOH_F+L49_Cl_COOH,174,44.48749,36.35302,44.48749,0.0730803,533.089,7294.57,13.1139,0.95837,0.0512553,0.0772098,2.198202055,2.198202055,0.025675,0.04672,,0.163740011,166412
ben+C54_COOH+C36_COOH+L24_F_COOH+L4_NO2_NH3,234,28.16056,20.77786,28.45876,0.175111,974.168,5563.15,5.22554,0.91505,0.0940876,0.357077,4.319547175,4.319547175,0.0882558,0.0817269,,0.414875758,37696
ben+C58_COOH+C24_NH3+L31_CN_F+L2_COOH,162,46.07853,42.9307,46.90406,0.0580366,457.521,7883.33,16.6747,0.96774,0.0506745,0.0746497,1.724670546,1.724670546,0.0189374,0.0439212,,0.128232739,139227
ben+C32_NH3+C13_NH3+L23_OH_NH3+L44_CF3_NH3,107,20.67377,18.751,20.67595,0.177732,1219.01,6858.66,5.09193,0.905,0.0906955,0.314854,3.469654117,3.469654117,0.0637614,0.0735075,,0.360686438,29168
ben+C37_COOH+C36_COOH+L44_OH_F+L15_OH_F,207,19.56357,14.69991,19.74871,0.252065,1469.7,5830.65,3.48188,0.87766,0.164704,1.28967,7.883670223,7.883670223,0.254002,0.128875,,0.583775065,21104
ben+C19_NH3+C36_COOH+L74_NO2_COOH+L2_OH_F,138,30.95998,25.90899,30.95998,0.131823,833.453,6322.5,7.0898,0.9346,0.0771762,0.2907,3.527073763,3.527073763,0.0568559,0.0644794,,0.282085281,49327.5
ben+C19_COOH+C36_COOH+L23_Br_F+L9_CH3_NH3,146,35.14459,30.52202,35.27245,0.0904423,603.228,6669.75,10.5703,0.956,0.0618828,0.128985,2.317408335,2.317408335,0.030039,0.0518493,,0.19574905,70121
ben+C37_COOH+C13_NH3+L35_CF3_NH3+L10_NH2_NH3,281,33.83609,27.77673,33.83609,0.0845721,604.901,7152.49,11.3179,0.95718,0.106931,2.12942,8.171446417,8.171446417,0.145216,0.0710846,,0.207092236,73980.5
ben+C62_COOH+C36_COOH+L35_CF3_NH3+L25_NO2_F,110,40.51263,37.76489,42.03392,0.0994145,661.527,6654.23,9.53895,0.94831,0.0590884,0.109089,2.053030226,2.053030226,0.0252553,0.0492059,,0.202944033,77632.8
ben+C58_NH3+C24_NH3+L75_OH_F+L37_CH3_NH3,104,45.37457,39.78232,45.37457,0.0664478,547.473,8239.14,14.4745,0.9618,0.0527685,0.0796341,1.754289062,1.754289062,0.0199139,0.0454062,,0.134027428,117052
ben+C49_NH3+C36_COOH+L23_COOH_F+L74_OH_F,195,24.73724,22.36616,25.80428,0.224858,1081.26,4808.62,3.93679,0.88522,0.105616,0.742105,5.495943354,5.495943354,0.111246,0.0809659,,0.514932603,22042.7
ben+C38_COOH+C24_NH3+L41_CH3_NH3+L10_CH3_F,322,33.10111,27.31581,33.10111,0.0813458,634.875,7804.64,11.7505,0.95585,0.0668895,0.217323,4.766624625,4.766624625,0.0670819,0.056293,,0.204003542,67717.3
ben+C58_COOH+C36_COOH+L42_NO2_NH3+L34_Br_NH3,156,39.57934,35.94044,40.88445,0.0908493,672.349,7400.71,10.4865,0.95269,0.055944,0.0933326,2.00729731,2.00729731,0.024289,0.0484014,,0.199243835,85105.9
ben+C38_COOH+C36_COOH+L72_Cl_NH3+L10_CH3_F,481,32.84917,27.56163,33.17778,0.100426,702.836,6998.52,9.41257,0.94527,0.100373,4.65444,4.845377463,4.845377463,0.071303,0.0588627,,0.269357101,55780.9
ben+C32_NH3+C24_NH3+L18_NO2_COOH+L8_Cl_COOH,171,41.90356,35.68324,41.93859,0.0858146,540.337,6296.57,11.1062,0.95307,0.0578543,0.123069,2.529221469,2.529221469,0.0330126,0.0522099,,0.191623668,99334.9
ben+C38_COOH+C24_NH3+L35_OH_NH3+L23_NO2_F,532,20.06665,16.47051,20.50554,0.254527,1383.86,5437.01,3.46149,0.88104,0.253101,2.86512,11.03109822,11.03109822,0.458207,0.166151,,0.69381811,13684
ben+C49_COOH+C13_NH3+L34_F_NH3+L35_NH3,89,42.5306,38.64554,42.86307,0.0777885,554.389,7126.88,12.3406,0.95996,0.058737,0.106437,1.891178837,1.891178837,0.0226263,0.0478565,,0.151640125,70871
ben+C54_COOH+C13_NH3+L6_OH_NH3+L14_SH_COOH,199,50.37289,40.28012,50.49062,0.0545402,378.673,6943.0,17.7794,0.96969,0.0647683,0.150702,1.84220621,1.84220621,0.0206264,0.0447863,,0.125379907,191503
ben+C18_COOH+C13_NH3+L17_Cl_F+L25_COOH_NH3,190,50.37652,47.37539,50.62644,0.0844231,579.455,6863.7,11.275,0.95187,0.0644471,0.146983,2.287930958,2.287930958,0.0295194,0.0516089,,0.192379443,101774
ben+C54_COOH+C13_NH3+L39_COOH_F+L68_CF3_F,96,38.33634,33.42872,39.20275,0.0841138,560.969,6669.17,11.3715,0.9565,0.0612211,0.123498,1.932400145,1.932400145,0.0228887,0.0473788,,0.166736366,93508.8
ben+C54_COOH+C13_NH3+L30_SH_NH3+L31_CH3_COOH,206,32.23643,27.63027,32.81796,0.125664,756.634,6021.1,7.46007,0.93746,0.0810397,0.231592,2.837783314,2.837783314,0.0451895,0.0636969,,0.29076981,50293.9
ben+C19_NH3+C24_NH3+L49_COOH_F+L34_NH2_NH3,204,39.49943,32.22735,39.49943,0.0856735,635.19,7414.08,11.1258,0.95319,0.0616248,0.11975,2.057021891,2.057021891,0.0259933,0.0505455,,0.1978741,89902.2
ben+C19_COOH+C36_COOH+L37_OH_NH3+L30_OH_COOH,290,25.84351,20.27096,25.91258,0.192646,1083.55,5624.6,4.73886,0.91292,0.111061,0.500597,4.83425058,4.83425058,0.112435,0.093032,,0.474371125,29398.9
ben+C62_COOH+C36_COOH+L3_COOH_F+L40_Br_COOH,241,45.19679,41.37631,45.86613,0.100311,610.039,6081.46,9.46125,0.94907,0.0574435,0.101688,2.441729637,2.441729637,0.0310447,0.0508569,,0.238942512,92829.1
ben+C58_COOH+C24_NH3+L8_CN_COOH+L72_Br_NH3,216,56.1664,49.41288,56.27056,0.054191,390.661,7208.96,17.9259,0.97142,0.0489525,0.0687358,1.617054457,1.617054457,0.0172131,0.0425789,,0.126506383,184037
ben+C69_COOH+C36_COOH+L3_CH3_F+L6_NO2_COOH,210,39.14232,35.19303,39.1663,0.105717,676.583,6399.93,8.94971,0.94614,0.0593074,0.11062,3.230041883,3.230041883,0.0458091,0.0567288,,0.245498057,66821.5
ben+C32_NH3+C13_NH3+L74_F+L3_Br_NH3,86,27.29551,22.7079,27.94029,0.16137,935.693,5798.45,5.71694,0.92254,0.0871062,0.312553,3.63147575,3.63147575,0.0630633,0.069463,,0.312170015,38981.1
ben+C69_COOH+C36_COOH+L15_Br_COOH+L74_F_COOH,277,39.90631,35.02993,40.27045,0.112878,684.968,6068.24,8.36791,0.94455,0.0621446,0.119996,3.833758071,3.833758071,0.0561128,0.058546,,0.275702231,83833.8
ben+C38_COOH+C24_NH3+L76_SH_COOH+L44_SH_F,356,17.8242,15.05183,20.61353,0.284466,1476.21,5189.41,3.02381,0.86017,0.620145,65.5503,16.39150827,16.39150827,0.630819,0.153938,,0.725800775,16383.6
ben+C25_COOH+C36_COOH+L76_CN_COOH+L8_OH_COOH,283,43.13889,37.83802,47.21114,0.0699141,442.094,6323.39,13.7875,0.96394,0.0620414,0.124596,2.163670834,2.163670834,0.0263342,0.0486843,,0.171414442,134648
ben+C37_NH3+C24_NH3+L75_Cl_F+L2_CN_F,230,25.70938,20.71569,25.77439,0.187624,1033.26,5507.08,4.8658,0.91294,0.12662,1.27358,9.593495317,9.593495317,0.252496,0.105278,,0.443116824,27533.9
ben+C38_NH3+C13_NH3+L25_CH3_NH3+L6_OH_NH3,381,19.11105,15.09778,19.366,0.191907,1314.14,6847.83,4.66742,0.89571,0.142559,1.36489,7.075170799,7.075170799,0.182007,0.102899,,0.495297569,18389.2
ben+C69_COOH+C24_NH3+L18_SH_F+L35_CF3_COOH,176,52.7031,50.15675,54.88863,0.0624593,427.519,6844.75,15.4834,0.96708,0.050858,0.0762791,1.765900092,1.765900092,0.0194234,0.0439966,,0.140253149,155718
ben+C62_COOH+C13_NH3+L44_COOH+L14_NH2_F,143,68.07695,58.02049,68.17291,0.0325294,251.186,7721.82,30.1278,0.98004,0.0477487,0.0665441,1.384218483,1.384218483,0.0134137,0.0387618,,0.070111788,387139
ben+C62_COOH+C13_NH3+L71_SH_COOH+L2_NO2_F,105,57.59273,50.38931,59.11563,0.0493476,350.354,7099.73,19.7031,0.9723,0.0492934,0.0703943,1.557773114,1.557773114,0.0162193,0.0416474,,0.099740841,208203
ben+C32_NH3+C36_COOH+L73_NH2_F+L76_COOH_F,106,19.6366,15.52939,19.6366,0.267592,1507.45,5633.38,3.21437,0.86014,0.112663,0.645883,5.573404128,5.573404128,0.131054,0.0940567,,0.541955647,19510.3
ben+C37_COOH+C13_NH3+L6_NO2_NH3+L8_CH3_F,194,27.73412,21.33536,27.8425,0.124732,848.696,6804.17,7.49648,0.93505,0.189962,8.30502,12.3190609,12.3190609,0.235809,0.0765672,,0.285362085,43920.1
ben+C31_COOH+C13_NH3+L36_OH_NH3+L68_CH3_F,93,38.28327,31.82389,38.37317,0.0807987,570.285,7058.1,11.841,0.95674,0.0596503,0.123871,2.055372648,2.055372648,0.0250497,0.0487497,,0.159050863,76130.2
ben+C18_COOH+C24_NH3+L71_OH_NH3+L30_NH2_COOH,230,45.93208,42.57385,46.2833,0.0837225,535.038,6390.62,11.4489,0.95853,0.0660815,0.154695,2.464071917,2.464071917,0.0336599,0.0546411,,0.197729759,81683.2
ben+C38_COOH+C36_COOH+L73_NH2_NH3+L14_COOH_COOH,663,34.38236,24.6035,34.38236,0.11134,700.502,6291.57,8.449,0.94071,0.0808263,0.515372,7.115473974,7.115473974,0.127864,0.0718794,,0.314147316,74613.7
ben+C19_NH3+C13_NH3+L23_CN_COOH+L2_Cl_COOH,194,36.85414,32.41606,37.52794,0.0862906,561.565,6507.83,11.0929,0.95721,0.067979,0.154816,2.358916135,2.358916135,0.0317884,0.0539034,,0.197415784,81733.8
ben+C69_COOH+C13_NH3+L15_F_F+L66_NH2_COOH,163,65.37606,56.12881,66.23558,0.0327858,257.225,7845.63,29.9471,0.98184,0.0491953,0.0692059,1.385334488,1.385334488,0.013552,0.0391299,,0.07252834,313688
ben+C32_NH3+C24_NH3+L40_CN_COOH+L75_Br_COOH,205,26.33252,20.8013,26.33252,0.194746,1002.89,5149.76,4.67476,0.91039,0.10192,0.594207,5.858855482,5.858855482,0.12544,0.0856413,,0.450204817,39978.2
ben+C32_NH3+C24_NH3+L15_CF3_NH3+L49_Br_COOH,217,37.01075,27.12654,38.36543,0.116223,757.952,6521.56,8.06806,0.93769,0.0651827,0.160197,2.723284033,2.723284033,0.038653,0.0567741,,0.27155036,100194
ben+C54_COOH+C36_COOH+L71_NH2_COOH+L36_Cl_NH3,215,33.32234,27.72713,33.44421,0.133107,764.141,5740.81,7.02556,0.93515,0.0718861,0.178365,2.947059818,2.947059818,0.0466426,0.0633073,,0.310463886,52105.5
ben+C37_COOH+C24_NH3+L34_CH3_COOH+L15_F,284,24.67521,20.48293,24.67521,0.155611,1022.59,6571.47,5.95699,0.92697,0.104341,0.83925,10.47197047,10.47197047,0.270957,0.103498,,0.38176332,37312.4
ben+C19_COOH+C36_COOH+L6_CN_COOH+L66_SH_COOH,188,39.78044,31.83618,39.9369,0.0823327,527.623,6408.42,11.6568,0.95974,0.0684264,0.195944,3.045682545,3.045682545,0.0407124,0.053469,,0.187237556,101502
ben+C49_COOH+C13_NH3+L68_Br_F+L72_Cl_COOH,144,50.73988,46.4046,51.01362,0.075954,469.315,6178.94,12.6832,0.96334,0.0539262,0.0869978,1.897226336,1.897226336,0.0220646,0.0465197,,0.163936265,103652
ben+C19_COOH+C13_NH3+L10_COOH+L49_CN_F,112,57.54609,47.54944,57.54609,0.0546647,401.054,7336.62,17.7175,0.96852,0.0605298,0.121043,1.694800835,1.694800835,0.0181764,0.0428992,,0.112019888,219345
ben+C62_COOH+C36_COOH+L30_CF3_F+L30_CH3_F,103,41.65543,36.24352,42.10706,0.0942909,642.23,6811.15,10.0722,0.94972,0.0571823,0.101777,1.961511179,1.961511179,0.0235042,0.0479308,,0.189792233,78994.1
ben+C54_COOH+C36_COOH+L10_NH2_NH3+L35_CH3_F,94,40.45005,37.30865,40.45005,0.108108,687.982,6363.83,8.73652,0.94449,0.0611186,0.118476,2.408825859,2.408825859,0.0326968,0.054295,,0.213310906,60103.2
ben+C49_NH3+C36_COOH+L49_Br_F+L6_SH_COOH,166,31.08202,26.61335,31.64398,0.162759,936.78,5755.62,5.65325,0.92012,0.0710022,0.206422,6.439060052,6.439060052,0.115382,0.0716763,,0.361342572,43956.6
ben+C58_NH3+C36_COOH+L24_Cl_COOH+L31_Br_F,73,36.77863,32.10226,37.27632,0.10462,746.08,7131.33,9.06108,0.94797,0.0590882,0.106279,1.877948042,1.877948042,0.0226658,0.0482778,,0.194940838,64054.8
ben+C19_COOH+C36_COOH+L3_NH2_F+L68_Br_F,90,35.56844,30.37575,35.9135,0.102882,646.456,6283.45,9.24745,0.9514,0.0599007,0.115829,2.199449597,2.199449597,0.0280724,0.0510535,,0.201056378,67735.6
ben+C31_COOH+C36_COOH+L42_CH3_COOH+L49_COOH_COOH,298,28.7585,19.02751,28.7585,0.199936,1181.55,5909.64,4.48663,0.89704,0.0975515,0.441902,4.968075047,4.968075047,0.103894,0.0836493,,0.494684903,50624.4
ben+C37_NH3+C13_NH3+L18_F_NH3+L23_F,261,26.24433,19.99253,26.67969,0.184479,1019.72,5527.56,4.91412,0.90655,0.102759,0.399319,3.909697562,3.909697562,0.0847771,0.0867352,,0.445819424,26694.1
ben+C19_COOH+C24_NH3+L76_SH_COOH+L15_SH_NH3,219,40.90164,33.62532,40.94627,0.0822973,571.198,6940.66,11.6608,0.95965,0.0694535,0.1997,2.459779683,2.459779683,0.0326513,0.0530963,,0.192612231,104497
ben+C58_COOH+C36_COOH+L36_Br_NH3+L39_SH_COOH,198,38.4139,34.07709,38.76288,0.0999784,688.729,6888.78,9.47255,0.94705,0.0570664,0.0975036,2.387759124,2.387759124,0.03059,0.0512447,,0.229616911,85532.1
ben+C62_COOH+C13_NH3+L73_F_F+L73_F_NH3,131,60.2754,51.66474,60.2754,0.0494045,368.632,7461.51,19.6146,0.96905,0.0480879,0.066308,1.581344892,1.581344892,0.0163262,0.041297,,0.10460273,222414
ben+C32_NH3+C13_NH3+L15_Cl_F+L71_CN_NH3,119,32.19838,29.40606,34.07074,0.10179,694.255,6820.48,9.30212,0.94686,0.0699147,0.177925,2.515227827,2.515227827,0.0357063,0.0567842,,0.211269925,66335.7
ben+C32_NH3+C24_NH3+L15_NO2_COOH+L42_NO2_F,110,27.28044,23.33721,27.28044,0.157378,1011.21,6425.35,5.83556,0.91839,0.0819638,0.321472,3.803948947,3.803948947,0.0690625,0.0726219,,0.321270298,40508.8
ben+C31_COOH+C24_NH3+L37_CF3_NH3+L18_CH3_F,147,33.84274,28.55567,35.1424,0.108356,691.056,6377.63,8.68903,0.94151,0.0655302,0.161645,2.668187526,2.668187526,0.0365499,0.0547936,,0.234841837,77336.8
ben+C49_NH3+C24_NH3+L34_NH3+L44_NO2_F,95,37.7989,34.87653,37.83678,0.0970839,747.424,7698.74,9.72973,0.9446,0.0627206,0.12661,2.079686134,2.079686134,0.0263451,0.0506713,,0.192005121,48765.1
ben+C58_COOH+C24_NH3+L38_CN_NH3+L35_NO2_NH3,142,42.64847,36.18882,43.07912,0.0681586,536.158,7866.33,14.1188,0.96232,0.0526231,0.0809593,1.771754923,1.771754923,0.0202423,0.0457,,0.14669696,117832
ben+C18_COOH+C24_NH3+L31_NH2_COOH+L73_CN_F,128,46.94113,41.12208,46.94113,0.0743599,502.76,6761.18,12.9146,0.96033,0.0561369,0.103305,2.093922675,2.093922675,0.0252949,0.0483206,,0.156691923,107930
ben+C37_COOH+C36_COOH+L41_NO2_COOH+L39_Br_F,256,11.6892,8.36731,11.6892,0.786927,2157.35,2741.49,0.907607,0.71422,3.09391,654.527,31.2666257,31.2666257,2.77274,0.354722,,1.895109051,5826.5
ben+C32_NH3+C24_NH3+L4_Br_F+L43_COOH_COOH,156,26.34045,21.32962,26.34045,0.185567,1067.7,5753.73,4.86999,0.90371,0.0854541,0.288411,3.608841849,3.608841849,0.0663537,0.0735457,,0.406971552,32202.1
ben+C58_COOH+C36_COOH+L68_COOH_NH3+L10_Br_COOH,188,59.10122,53.14823,59.13667,0.0416616,318.247,7638.87,23.4211,0.97576,0.0493105,0.0700929,1.567330039,1.567330039,0.0157472,0.0401886,,0.094745055,245317
ben+C62_NH3+C36_COOH+L35_Br_COOH+L36_Cl_NH3,150,48.98704,44.12164,49.75693,0.0684806,464.529,6783.37,14.06,0.96284,0.0500692,0.0711899,1.813451308,1.813451308,0.0201469,0.0444388,,0.149020035,130478
ben+C49_COOH+C13_NH3+L43_CN_NH3+L39_F,64,35.79803,32.68431,36.33799,0.100937,716.6,7099.46,9.36731,0.94551,0.0627643,0.131104,2.105100097,2.105100097,0.0266352,0.0506108,,0.182310388,54761.8
ben+C38_COOH+C13_NH3+L40_NO2_F+L43_COOH_NH3,389,20.76793,16.7935,20.80883,0.216225,1314.92,6081.25,4.0672,0.87943,0.131375,0.754492,5.556198042,5.556198042,0.146535,0.105493,,0.560011853,21690.9
ben+C58_COOH+C24_NH3+L67_NO2_F+L31_Br_NH3,130,48.14667,43.53588,48.59958,0.0659536,506.716,7682.91,14.6353,0.96525,0.0502268,0.0719492,1.671672303,1.671672303,0.0181534,0.0434377,,0.139422174,133755
ben+C37_COOH+C24_NH3+L73_NH3+L74_NH2_COOH,520,18.25104,14.54783,18.25104,0.374463,1493.88,3989.39,2.20137,0.82433,0.486078,14.4055,18.06505158,18.06505158,0.893511,0.197843,,1.01704276,16575.2
ben+C37_NH3+C24_NH3+L25_Br_COOH+L35_F_COOH,420,17.54988,13.94909,17.54988,0.342287,1533.24,4479.42,2.54395,0.87076,0.422607,13.264,15.6888333,15.6888333,0.667956,0.170301,,0.89790413,13523.9
ben+C58_COOH+C24_NH3+L66_CN_F+L72_Br_F,83,59.70668,52.69225,59.70668,0.0494487,361.626,7313.16,19.7196,0.97511,0.0473102,0.0619595,1.491062174,1.491062174,0.015177,0.0407146,,0.094895917,203088
ben+C62_COOH+C13_NH3+L10_OH_F+L72_CH3_NH3,205,69.30284,64.26031,70.11594,0.039004,289.97,7434.38,25.0516,0.97711,0.0457868,0.05672,1.492567791,1.492567791,0.014984,0.0401563,,0.090167648,273771
ben+C49_COOH+C13_NH3+L8_Br_F+L10_F_NH3,77,63.79564,59.0804,64.71332,0.0340518,280.246,8229.98,28.7861,0.98022,0.0461604,0.0586697,1.333180147,1.333180147,0.0127644,0.0382976,,0.064238405,235236
ben+C19_COOH+C24_NH3+L76_CN_F+L4_F_NH3,110,33.67292,29.03216,35.92552,0.098188,650.859,6628.7,9.68631,0.95108,0.065958,0.145982,2.404474726,2.404474726,0.0329178,0.0547609,,0.200440265,72598.9
ben+C38_COOH+C36_COOH+L44_COOH_F+L8_CF3_COOH,429,21.88846,18.47246,22.22537,0.206217,1115.58,5409.76,4.35415,0.8979,0.151418,3.49878,9.071301103,9.071301103,0.226585,0.0999129,,0.542857445,28214.9
ben+C19_COOH+C13_NH3+L72_NO2_COOH+L18_SH_COOH,205,47.7869,41.55561,47.7869,0.0678951,432.513,6370.31,14.1929,0.96363,0.0673056,0.156397,2.14742592,2.14742592,0.025868,0.0481842,,0.15695676,172262
ben+C19_NH3+C13_NH3+L32_CH3_COOH+L75_SH_F,116,37.7549,32.99954,38.52812,0.0917886,593.59,6466.93,10.4098,0.9555,0.0673208,0.146904,2.329002681,2.329002681,0.0311921,0.0535716,,0.189493709,88379.7
ben+C19_COOH+C13_NH3+L31_COOH_NH3+L74_Br_NH3,135,30.8994,28.02115,31.60602,0.139366,799.171,5734.34,6.68987,0.93234,0.0834173,0.260979,3.081824353,3.081824353,0.0498284,0.0646739,,0.296896096,59980.9
ben+C62_COOH+C13_NH3+L31_Cl_F+L13_CN_COOH,135,62.38133,54.67711,62.43205,0.0416043,285.245,6856.13,23.4865,0.97714,0.0485696,0.0686841,1.538812785,1.538812785,0.0157042,0.0408216,,0.088631045,298642
ben+C58_NH3+C36_COOH+L31_NH2_NH3+L38_NO2_F,64,35.43336,32.16787,35.59777,0.0951821,739.911,7773.63,9.95922,0.94794,0.0576485,0.10054,2.245801154,2.245801154,0.0282574,0.0503293,,0.171916003,68257
ben+C37_COOH+C24_NH3+L39_CN_F+L4_Cl_COOH,266,19.4685,14.83804,19.84701,0.277343,1334.13,4810.38,3.15263,0.87436,0.297383,6.72599,13.85956275,13.85956275,0.474347,0.136901,,0.672523948,20034.9
ben+C19_COOH+C13_NH3+L2_NH2_NH3+L43_CH3_NH3,139,38.91514,33.66446,39.44495,0.0879977,632.315,7185.59,10.8149,0.95169,0.0651578,0.138223,2.252723385,2.252723385,0.029949,0.0531783,,0.188580373,75236
ben+C49_COOH+C13_NH3+L18_COOH_NH3+L18_NO2_F,107,64.65253,57.59786,64.65253,0.0502958,350.641,6971.58,19.3161,0.97152,0.0506561,0.0830702,1.692298225,1.692298225,0.017876,0.0422526,,0.102069481,221238
ben+C62_COOH+C24_NH3+L18_COOH_COOH+L37_COOH,259,56.44451,50.53762,57.00042,0.0647589,435.833,6730.09,14.8824,0.96377,0.0523888,0.0839759,1.894613754,1.894613754,0.0214682,0.0453247,,0.156282638,169049
ben+C49_NH3+C24_NH3+L31_Br_F+L41_NO2_F,97,34.52699,31.08359,34.52699,0.111186,791.902,7122.29,8.48862,0.94382,0.0627082,0.126211,2.1164027,2.1164027,0.0268626,0.0507703,,0.220901202,43688.6
ben+C25_COOH+C13_NH3+L30_F_NH3+L74_OH_NH3,190,44.07514,35.19582,44.07514,0.0857506,557.851,6505.5,11.1339,0.95474,0.0630627,0.128537,2.24733034,2.24733034,0.0293053,0.0521602,,0.195404489,108204
ben+C18_COOH+C13_NH3+L14_SH_NH3+L17_CH3_COOH,172,66.13712,62.18014,66.13712,0.0532549,383.402,7199.37,18.1636,0.9673,0.0489044,0.0711151,1.90593047,1.90593047,0.0213661,0.0448413,,0.119052844,258890
ben+C25_COOH+C13_NH3+L2_OH_COOH+L71_NO2_F,175,49.41142,43.02986,51.88019,0.0599345,392.134,6542.71,16.1757,0.96948,0.0595423,0.113837,1.808508075,1.808508075,0.020641,0.0456531,,0.134435364,162104
ben+C37_NH3+C36_COOH+L32_NO2_F+L25_SH_COOH,397,11.55092,8.77983,11.55246,0.74014,2171.42,2933.8,0.983909,0.72823,1.13735,39.1743,31.61207309,31.61207309,3.81421,0.482627,,1.923468806,4061.84
ben+C37_COOH+C13_NH3+L13_CH3_NH3+L13_Br_F,150,41.95083,34.8395,42.28622,0.0917023,515.528,5621.76,10.4326,0.95669,0.0741195,0.332483,4.439316254,4.439316254,0.0653484,0.0588815,,0.199552573,103212
ben+C19_NH3+C13_NH3+L8_NH3+L41_F,106,44.36516,38.41562,44.52846,0.07098,550.358,7753.71,13.5438,0.96134,0.0567183,0.0999131,1.889679281,1.889679281,0.0224338,0.047487,,0.14375621,90250.4
ben+C32_NH3+C13_NH3+L30_CH3_F+L44_Br_COOH,131,23.21943,20.57774,23.21943,0.19044,1115.66,5858.36,4.75578,0.90569,0.0932336,0.340887,3.438442866,3.438442866,0.0620412,0.0721736,,0.403213146,31820.1
ben+C37_NH3+C24_NH3+L2_CF3_NH3+L30_SH_F,165,20.13927,16.20339,20.13927,0.24752,1343.61,5428.29,3.57228,0.88421,0.14226,0.906529,5.863185286,5.863185286,0.16617,0.113365,,0.548871626,15341.8
ben+C58_COOH+C13_NH3+L14_CH3_COOH+L41_NO2_COOH,218,58.40902,51.54849,59.16163,0.0514598,382.17,7426.57,18.8777,0.97144,0.0495477,0.0707687,1.620801398,1.620801398,0.0172931,0.0426779,,0.120336503,210212
ben+C49_COOH+C13_NH3+L9_SH_COOH+L1_CN_F,70,49.5223,46.7905,49.5223,0.0741156,558.189,7531.33,12.9453,0.95945,0.0535447,0.0869253,1.826239521,1.826239521,0.0208699,0.0457112,,0.136750548,81367.5
ben+C18_COOH+C13_NH3+L37_NH3+L1_SH_NH3,121,45.33705,41.73936,45.33705,0.0754979,536.819,7110.38,12.728,0.96094,0.0616267,0.129776,2.217389157,2.217389157,0.028063,0.0506235,,0.157245922,88221.9
ben+C62_COOH+C24_NH3+L71_NH2_F+L6_NO2_F,127,50.28495,46.33377,52.03047,0.0656067,461.266,7030.78,14.6938,0.96401,0.0499793,0.0712056,1.703424929,1.703424929,0.0186933,0.0438958,,0.13802362,134932
ben+C19_COOH+C36_COOH+L32_CF3_F+L10_NH2_NH3,150,41.88878,35.96789,41.88878,0.0647963,460.077,7100.36,14.9096,0.96609,0.0584345,0.111336,2.004426062,2.004426062,0.0229831,0.0458647,,0.141002662,112895
ben+C38_NH3+C24_NH3+L26_CN_NH3+L24_CF3_F,641,17.61782,15.85855,17.78372,0.277477,1543.47,5562.51,3.1123,0.86359,0.136447,0.719105,5.407788391,5.407788391,0.14352,0.106158,,0.778838545,13807.1
ben+C19_NH3+C36_COOH+L72_F_F+L76_NH2_F,134,32.85,26.86694,32.85965,0.150119,915.39,6097.77,6.19396,0.92983,0.0754945,0.190974,3.082851243,3.082851243,0.0511314,0.066343,,0.319318845,38560.6
ben+C25_COOH+C36_COOH+L35_F_COOH+L76_SH_COOH,321,40.10103,34.77227,40.10103,0.123366,665.775,5396.75,7.644,0.94301,0.0717951,0.162677,3.276810942,3.276810942,0.0513183,0.0626442,,0.3092175,69883.4
ben+C54_COOH+C36_COOH+L38_COOH+L31_F_COOH,337,24.92511,19.49643,24.92511,0.23459,1154.21,4920.12,3.80818,0.89336,0.123429,0.634143,5.110329198,5.110329198,0.128535,0.100608,,0.592956698,24522
ben+C49_COOH+C24_NH3+L39_SH_F+L34_COOH_F,84,35.25842,31.54957,36.15205,0.104672,722.709,6904.54,9.04696,0.94696,0.059541,0.11307,2.027340134,2.027340134,0.025134,0.0495901,,0.201418161,51796.3
ben+C37_COOH+C13_NH3+L30_CH3_COOH+L4_OH_NH3,254,22.00591,17.49273,22.12275,0.205071,1151.15,5613.42,4.41539,0.90547,1.19986,228.916,20.67927471,20.67927471,0.6629,0.128225,,0.493161655,25156.9
ben+C38_NH3+C36_COOH+L49_COOH+L6_F,367,17.56233,13.7172,17.80412,0.319085,1601.48,5018.98,2.63961,0.84226,0.13976,0.882077,6.853514519,6.853514519,0.211825,0.12363,,0.818346471,17251.8
ben+C25_COOH+C24_NH3+L31_NO2_NH3+L40_CF3_COOH,235,41.56555,35.33298,42.47617,0.0927584,582.301,6277.61,10.2746,0.95306,0.0626263,0.122578,2.240736195,2.240736195,0.0294384,0.0525513,,0.219936461,94573.8
ben+C58_NH3+C36_COOH+L74_SH_F+L41_COOH,169,36.15712,33.80402,37.50595,0.102036,761.766,7465.67,9.24499,0.94332,0.0594162,0.108723,2.463828694,2.463828694,0.032125,0.0521546,,0.227324648,73992
ben+C58_COOH+C24_NH3+L42_SH_NH3+L7_F,79,42.64877,37.49871,43.23904,0.0733399,575.499,7847.02,13.0824,0.95946,0.0525909,0.0800617,1.725628832,1.725628832,0.0193053,0.0447496,,0.139171781,105889
ben+C58_COOH+C36_COOH+L13_SH_COOH+L6_F_F,105,49.04562,44.54273,49.04562,0.0778802,542.592,6967.01,12.3228,0.9597,0.0586394,0.104221,1.771479092,1.771479092,0.0201872,0.0455827,,0.157410627,111775
ben+C54_COOH+C24_NH3+L23_Cl_COOH+L6_COOH_F,169,28.7495,24.08611,29.0833,0.152517,882.945,5789.14,6.06986,0.92576,0.0776581,0.221618,3.182786229,3.182786229,0.0527624,0.0663097,,0.339790597,39418.6
ben+C37_COOH+C13_NH3+L3_CF3_NH3+L72_Cl_F,300,24.03422,19.66611,24.04577,0.198871,1047.88,5269.11,4.59594,0.914,0.202468,4.74384,12.6195626,12.6195626,0.353862,0.112163,,0.492627581,29314.3
ben+C18_COOH+C36_COOH+L8_NO2_COOH+L2_NH2_COOH,305,51.44662,47.43969,51.90898,0.0763987,477.905,6255.4,12.5858,0.96154,0.0616066,0.129845,2.684767975,2.684767975,0.0349489,0.0520699,,0.189797278,103509
ben+C38_NH3+C24_NH3+L15_NH2_COOH+L22_NH3,640,22.19336,16.09525,22.26906,0.186594,1182.28,6336.09,4.84516,0.90408,0.123747,0.640998,5.728568689,5.728568689,0.156821,0.109501,,0.523616346,21020
ben+C19_NH3+C13_NH3+L13_OH_COOH+L26_SH_COOH,256,48.52233,43.98957,48.82652,0.0744922,487.462,6543.8,12.9363,0.96365,0.0626266,0.127193,2.15641151,2.15641151,0.0272351,0.0505193,,0.179395093,115036
ben+C18_COOH+C36_COOH+L68_CF3_F+L42_NH2_F,96,45.05108,41.41063,45.05369,0.103472,657.135,6350.84,9.17146,0.94899,0.0646658,0.140901,2.412098742,2.412098742,0.0318789,0.052865,,0.205109569,65583.3
ben+C38_NH3+C36_COOH+L14_Br_NH3+L43_NH3,422,25.5886,19.95999,25.5886,0.199336,1212.1,6080.7,4.48741,0.8945,0.127651,0.876647,6.074672329,6.074672329,0.153062,0.100787,,0.523319283,24840.5
ben+C62_NH3+C36_COOH+L26_CH3_NH3+L8_OH_F,83,54.83205,49.95182,55.17128,0.047529,373.274,7853.6,20.4168,0.97039,0.0469962,0.0614234,1.524111837,1.524111837,0.0155086,0.040702,,0.091211863,178780
ben+C49_NH3+C13_NH3+L32_COOH+L15_NH3,207,46.39454,40.94751,47.69348,0.0581214,464.641,7994.33,16.6613,0.96838,0.0536823,0.0856036,1.81126434,1.81126434,0.0207781,0.0458864,,0.134607439,114759
ben+C19_COOH+C36_COOH+L31_SH_F+L40_Br_NH3,150,28.05783,23.68999,29.26276,0.190205,1024.38,5385.68,4.79431,0.9119,0.0883339,0.302309,3.468808307,3.468808307,0.0636757,0.0734266,,0.413903438,31999.7
ben+C18_COOH+C36_COOH+L42_NH2_F+L37_NH3,165,35.11725,31.35218,35.24346,0.127978,819.65,6404.61,7.29304,0.93335,0.0738281,0.197161,3.226633003,3.226633003,0.0524611,0.0650351,,0.28378916,46289.1
ben+C49_COOH+C24_NH3+L41_CH3_F+L15_SH_COOH,155,45.83639,38.88027,45.83639,0.077478,529.96,6840.14,12.384,0.95949,0.057041,0.104474,2.081556639,2.081556639,0.0255675,0.0491315,,0.169702519,98429.8
ben+C38_NH3+C24_NH3+L24_CF3_NH3+L75_CN_COOH,466,19.78074,16.03788,19.91233,0.264924,1399.43,5282.37,3.31091,0.87714,0.151828,1.0604,8.169954523,8.169954523,0.264537,0.129517,,0.706919471,23218.9
ben+C32_NH3+C36_COOH+L40_COOH_F+L34_CF3_F,109,19.0515,16.49528,19.0515,0.251532,1418.01,5637.47,3.49728,0.87968,0.0936992,0.406249,4.481048902,4.481048902,0.0885015,0.0790007,,0.512477962,18451.2
ben+C49_NH3+C24_NH3+L15_Br_NH3+L75_NO2_NH3,149,44.71119,40.77598,44.71119,0.0798845,555.519,6954.03,11.9968,0.95836,0.0586106,0.109831,2.224100331,2.224100331,0.0282503,0.0508076,,0.173603898,96535.7
ben+C38_COOH+C36_COOH+L26_Br_COOH+L34_NH2_COOH,927,17.9288,14.03957,17.96421,0.357483,1535.8,4296.15,2.38532,0.85271,0.366348,6.53643,12.85013702,12.85013702,0.672891,0.209458,,1.060680565,12492.2
ben+C19_COOH+C24_NH3+L32_Br_COOH+L31_OH_COOH,220,32.15074,26.57039,32.15074,0.138132,775.377,5613.32,6.79461,0.93855,0.0794033,0.229129,3.182687274,3.182687274,0.0542571,0.0681903,,0.32356353,47909.6
ben+C62_NH3+C36_COOH+L30_OH_NH3+L15_CN_F,138,48.86171,42.38555,48.94205,0.0571496,451.547,7901.14,16.9207,0.96701,0.0479101,0.0640927,1.801603275,1.801603275,0.0198502,0.0440723,,0.122293234,158968
ben+C49_COOH+C24_NH3+L14_F_NH3+L18_OH_COOH,182,65.57589,59.54334,65.57589,0.0474685,342.276,7210.6,20.4723,0.97179,0.0471447,0.0628806,1.684795863,1.684795863,0.0177548,0.042153,,0.107282199,225590
ben+C32_NH3+C36_COOH+L49_Br_F+L23_CF3_F,243,18.40485,14.37101,18.52322,0.299556,1538.5,5135.94,2.86347,0.85777,0.109002,0.597028,5.0508501,5.0508501,0.113408,0.089813,,0.714622673,20619.6
ben+C62_COOH+C36_COOH+L30_OH_NH3+L37_NH3,250,39.83374,36.25961,40.1854,0.0942763,662.964,7032.14,10.0426,0.94678,0.0590822,0.109383,2.475767637,2.475767637,0.0316733,0.0511733,,0.226068912,79230
ben+C18_COOH+C13_NH3+L72_CN_COOH+L10_CH3_NH3,131,64.68494,57.83292,64.80611,0.0345141,266.651,7725.86,28.4255,0.98108,0.0527391,0.0914974,1.540134489,1.540134489,0.0155229,0.0403157,,0.073075713,271846
ben+C62_NH3+C24_NH3+L31_OH_NH3+L36_NO2_F,96,51.78552,46.70089,52.19082,0.0525635,400.671,7622.6,18.4443,0.9695,0.0477078,0.0635003,1.547962954,1.547962954,0.016129,0.041678,,0.104195114,164270
ben+C58_COOH+C13_NH3+L32_F_COOH+L4_COOH_NH3,114,48.36626,43.55127,48.99066,0.0576763,445.305,7720.76,16.7951,0.96868,0.0523023,0.0816141,1.697207568,1.697207568,0.0186591,0.043976,,0.118634661,159905
ben+C31_COOH+C36_COOH+L73_CN_F+L71_CN_F,92,23.69156,20.58086,24.63704,0.190821,1038.49,5442.23,4.74601,0.90564,0.0834973,0.284569,3.651724754,3.651724754,0.0659601,0.0722509,,0.374731957,29706.6
ben+C19_NH3+C24_NH3+L76_Br_COOH+L7_NH3,232,32.88346,26.17467,33.39374,0.122528,784.761,6404.76,7.6834,0.94143,0.0738758,0.188483,2.902809637,2.902809637,0.0464742,0.0640403,,0.289838512,51089.2
ben+C31_COOH+C13_NH3+L1_OH_F+L37_Br_F,88,27.07666,22.34487,27.51274,0.184081,995.192,5406.27,4.97455,0.91572,0.0838022,0.249447,2.924243892,2.924243892,0.048305,0.0660752,,0.357942315,30746.1
ben+C37_COOH+C36_COOH+L11_Br_NH3+L35_Br_F,96,16.87707,13.92746,16.96963,0.451344,1733.13,3839.92,1.8524,0.83607,0.574659,15.6874,18.9447065,18.9447065,1.11249,0.234892,,0.894686227,10755.5
ben+C31_COOH+C36_COOH+L67_CN_NH3+L66_Cl_NH3,155,38.13267,30.09308,38.74963,0.0825361,550.891,6674.55,11.5683,0.9548,0.0575531,0.114921,2.438922632,2.438922632,0.0310998,0.0510058,,0.180781436,85662.6
ben+C38_COOH+C13_NH3+L3_SH_NH3+L40_NH2_COOH,620,21.86167,17.57983,22.04408,0.207444,1204.09,5804.4,4.31939,0.89603,0.196349,2.93568,10.68058385,10.68058385,0.347394,0.130103,,0.579264902,24437.3
ben+C62_NH3+C36_COOH+L41_SH_F+L25_SH_F,71,39.84852,37.06954,40.30643,0.0922748,670.297,7264.14,10.2752,0.94814,0.0567416,0.0988242,1.922635019,1.922635019,0.0227329,0.0472953,,0.170824494,73170.7
ben+C49_COOH+C36_COOH+L24_Br_COOH+L76_Br_NH3,179,28.40325,26.12467,28.40325,0.246436,1119.02,4540.8,3.63608,0.89606,0.109546,0.603791,5.035887319,5.035887319,0.109892,0.0872871,,0.55518409,22870.3
ben+C32_NH3+C24_NH3+L23_Br_COOH+L1_Cl_F,122,22.85649,18.40286,22.87376,0.202633,1178.66,5816.73,4.46787,0.90534,0.0896829,0.312873,3.431140808,3.431140808,0.0621341,0.0724355,,0.422765352,22275.6
ben+C62_COOH+C36_COOH+L14_COOH+L72_NO2_COOH,395,61.28313,55.66304,61.28313,0.0598536,387.283,6470.51,16.1673,0.96767,0.0502104,0.0729864,2.136581771,2.136581771,0.0242087,0.0453223,,0.155415684,194576
ben+C49_COOH+C24_NH3+L35_NO2_F+L44_F_NH3,107,37.22607,32.8726,37.22607,0.11005,752.084,6834.03,8.54113,0.93995,0.0645479,0.135173,2.246102197,2.246102197,0.0297056,0.0529016,,0.223333685,49046.6
ben+C58_NH3+C13_NH3+L41_OH_COOH+L14_CN_COOH,158,63.19775,52.5942,63.38322,0.0343164,279.606,8147.89,28.5715,0.98047,0.0516921,0.0834359,1.481580238,1.481580238,0.0147245,0.0397535,,0.075449996,342287
ben+C62_NH3+C13_NH3+L43_CH3_COOH+L37_Cl_NH3,133,51.39869,43.81672,51.417,0.0631514,482.336,7637.77,15.2323,0.96194,0.0503697,0.0728467,1.769690668,1.769690668,0.0197432,0.0446252,,0.134124205,137749
ben+C19_NH3+C24_NH3+L31_NH2_F+L44_OH_NH3,148,32.03727,29.17639,32.10839,0.106494,770.846,7238.39,8.84884,0.94235,0.0676064,0.148377,2.460635315,2.460635315,0.0356073,0.0578831,,0.231119851,50740.9
ben+C25_COOH+C36_COOH+L42_Cl_F+L9_F,116,44.49105,38.90599,48.04499,0.0615116,424.661,6903.77,15.7387,0.96811,0.0576609,0.103212,1.759831824,1.759831824,0.0195472,0.0444297,,0.126988114,133867
ben+C62_COOH+C24_NH3+L71_F_COOH+L6_CN_F,109,50.28495,46.40669,51.1166,0.0661619,473.352,7154.44,14.5499,0.96265,0.0512694,0.0758697,1.715417449,1.715417449,0.0188385,0.0439275,,0.134800008,134932
ben+C58_COOH+C36_COOH+L18_F_F+L73_NH3,129,50.40104,44.71737,51.1882,0.0634451,477.535,7526.75,15.1763,0.96286,0.0505497,0.075172,1.786870257,1.786870257,0.0196893,0.0440755,,0.133906575,156570
ben+C32_NH3+C36_COOH+L6_CF3_F+L37_NH2_COOH,286,16.31454,11.96257,16.31454,0.35163,1776.05,5050.89,2.34357,0.82407,0.178925,1.31241,7.251350196,7.251350196,0.233285,0.128685,,0.863731988,13470.2
ben+C25_COOH+C24_NH3+L37_CF3_NH3+L38_CF3_F,152,41.98105,37.03936,42.01301,0.0964555,609.68,6320.84,9.86227,0.95127,0.0634251,0.1281,2.126940995,2.126940995,0.0271998,0.0511529,,0.210450814,89397.8
ben+C62_COOH+C36_COOH+L15_NO2_F+L34_Cl_NH3,210,50.19752,44.89588,51.00967,0.0699577,489.003,6989.99,13.7586,0.96252,0.0545468,0.0902529,1.882563654,1.882563654,0.0216524,0.0460062,,0.162457121,129984
ben+C49_NH3+C24_NH3+L68_NO2_NH3+L36_NH3,109,49.5524,45.05029,49.55651,0.0586806,467.187,7961.53,16.4736,0.96668,0.0516282,0.0764302,1.733485204,1.733485204,0.0191759,0.0442482,,0.119557409,92349.7
ben+C58_NH3+C36_COOH+L68_OH_NH3+L15_CF3_F,148,50.49014,47.21654,50.55007,0.0524694,416.247,7933.14,18.4803,0.96965,0.0476433,0.0636848,1.634113798,1.634113798,0.0172073,0.0421202,,0.11387233,174475
ben+C31_COOH+C13_NH3+L58_NO2_F+L25_CF3_NH3,190,30.64729,24.80705,30.69619,0.159023,980.293,6164.47,5.75589,0.91532,0.0775621,0.261329,3.087096523,3.087096523,0.0486308,0.0630117,,0.362374234,42344.9
ben+C49_COOH+C36_COOH+L68_SH_F+L32_CF3_COOH,242,37.95989,36.15846,38.55344,0.159296,855.824,5372.52,5.81865,0.92689,0.0708633,0.223232,4.613328051,4.613328051,0.0762695,0.0661297,,0.379732253,35550.8
ben+C49_COOH+C24_NH3+L38_NO2_F+L13_F_COOH,124,45.92863,40.63267,46.49922,0.067789,428.892,6326.87,14.2432,0.96553,0.0531554,0.0843412,1.815028447,1.815028447,0.0207838,0.0458038,,0.141910963,129179
ben+C18_COOH+C24_NH3+L31_CH3_NH3+L15_COOH_F,137,51.04194,44.1122,51.36505,0.0585628,427.806,7305.09,16.5527,0.96937,0.0531282,0.0886361,1.829395912,1.829395912,0.0209078,0.0457152,,0.125132339,144105
ben+C25_COOH+C13_NH3+L49_CN_NH3+L42_NH3,169,50.63775,40.66106,50.88518,0.0656104,465.879,7100.68,14.683,0.96336,0.0589741,0.11073,1.842807448,1.842807448,0.0214682,0.0465989,,0.146172538,158828
ben+C37_NH3+C24_NH3+L3_F_F+L13_OH_NH3,256,28.86079,24.95254,29.84244,0.122782,732.874,5968.9,7.6727,0.94207,0.080458,0.369188,5.222927666,5.222927666,0.0908399,0.0695701,,0.295688519,54887.1
ben+C62_NH3+C13_NH3+L40_NO2_NH3+L30_SH_F,84,49.80944,44.99993,50.93238,0.059351,455.116,7668.22,16.2488,0.96438,0.0499159,0.0704737,1.655040201,1.655040201,0.0179137,0.0432949,,0.1142079,137420
ben+C25_COOH+C36_COOH+L75_NH2_COOH+L1_CF3_NH3,272,39.00308,33.22554,40.80788,0.113514,665.597,5863.59,8.33671,0.94633,0.0742378,0.180293,2.537666139,2.537666139,0.0371501,0.0585579,,0.276357655,75552
ben+C25_COOH+C13_NH3+L43_NH2_F+L1_OH_COOH,192,44.81727,37.90949,44.81727,0.0749274,494.396,6598.33,12.832,0.96147,0.0608128,0.115666,1.996986321,1.996986321,0.0247165,0.0495076,,0.171081824,112433
